Course Name,University,Difficulty Level,Course Rating,Course Description,Department,clean_text
General,Abasyn University,easy,7,"The General course provides a broad introduction to essential concepts within the arts, offering students a flexible and easy starting point for exploring creative disciplines. Designed for beginners, the course focuses on developing foundational understanding, creative thinking, and basic analytical skills.

Students learn through simple, engaging topics that cover multiple areas of the arts, helping them discover their interests while strengthening overall cultural and artistic awareness. With a balanced workload and accessible content, this course is ideal for those seeking a smooth entry into the field without prior experience.",arts,general course provide broad introduction essential concept art   offer student flexible easy starting point explore creative discipline   design beginner   course focus develop foundational understanding   creative thinking   basic analytical skill    student learn simple   engage topic cover multiple area art   help discover interest strengthen overall cultural artistic awareness   balanced workload accessible content   course ideal seek smooth entry field prior experience
Arts & Design,"Aror University of Art, Architecture, Design and Heritage, Sukkur",easy,7,"The Arts & Design course introduces students to the fundamental principles of creativity, visual expression, and artistic techniques. It covers the basics of drawing, color theory, composition, and design thinking, helping learners develop a strong creative foundation.

Students explore different forms of art—such as sketching, digital illustration, and basic design concepts—through simple, guided activities. The course is designed to be beginner-friendly, making it suitable for anyone interested in discovering their artistic abilities or exploring visual design for the first time.",arts,art    design course introduce student fundamental principle creativity   visual expression   artistic technique   cover basic draw   color theory   composition   design thinking   help learner develop strong creative foundation    student explore different form art sketch   digital illustration   basic design concept simple   guide activity   course design beginner friendly   make suitable interested discover artistic ability explore visual design time
Engineering & Technology,"Balochistan University of Information Technology, Engineering & Management Sciences (BUITEMS)",easy,7,"The General course in Engineering and Technology provides a beginner-friendly introduction to key scientific and technical concepts. Designed for students with little or no prior background, the course covers foundational ideas in physics, basic engineering principles, problem-solving methods, and the role of technology in modern society.

With simple explanations and an accessible structure, this course helps learners build confidence while exploring the fundamentals of how machines, systems, and innovations work. It encourages analytical thinking, curiosity, and practical understanding, making it an ideal starting point for anyone interested in entering the fields of engineering or technology.",Science And Tech,general course engineering technology provide beginner friendly introduction key scientific technical concept   design student little prior background   course cover foundational idea physics   basic engineering principle   problem solve method   role technology modern society    simple explanation accessible structure   course help learner build confidence explore fundamental machine   system   innovation work   encourage analytical thinking   curiosity   practical understanding   make ideal starting point interested enter field engineering technology
Engineering & Technology,"Benazir Bhutto Shaheed University of Technology & Skill Development, Khairpur Mirs",easy,7,"The General course provides a broad introduction to essential concepts within the arts, offering students a flexible and easy starting point for exploring creative disciplines. Designed for beginners, the course focuses on developing foundational understanding, creative thinking, and basic analytical skills.

Students learn through simple, engaging topics that cover multiple areas of the arts, helping them discover their interests while strengthening overall cultural and artistic awareness. With a balanced workload and accessible content, this course is ideal for those seeking a smooth entry into the field without prior experience.",arts,general course provide broad introduction essential concept art   offer student flexible easy starting point explore creative discipline   design beginner   course focus develop foundational understanding   creative thinking   basic analytical skill    student learn simple   engage topic cover multiple area art   help discover interest strengthen overall cultural artistic awareness   balanced workload accessible content   course ideal seek smooth entry field prior experience
Agriculture & Veterinary,"Cholistan University of Veterinary and Animal Sciences, Bahawalpur",easy,7,"The General course provides a broad introduction to essential concepts within the arts, offering students a flexible and easy starting point for exploring creative disciplines. Designed for beginners, the course focuses on developing foundational understanding, creative thinking, and basic analytical skills.

Students learn through simple, engaging topics that cover multiple areas of the arts, helping them discover their interests while strengthening overall cultural and artistic awareness. With a balanced workload and accessible content, this course is ideal for those seeking a smooth entry into the field without prior experience.",arts,general course provide broad introduction essential concept art   offer student flexible easy starting point explore creative discipline   design beginner   course focus develop foundational understanding   creative thinking   basic analytical skill    student learn simple   engage topic cover multiple area art   help discover interest strengthen overall cultural artistic awareness   balanced workload accessible content   course ideal seek smooth entry field prior experience
Medical,"Faisalabad Medical University, Faisalabad",easy,7,"The General course in the Medical field introduces students to the fundamental concepts of human health, basic biology, and essential medical sciences. Designed to be easy and beginner-friendly, the course helps learners understand how the human body works, common medical terms, basic anatomy, and the role of healthcare in society.

Through simple explanations and clear examples, students develop a foundational awareness of medical principles and scientific thinking. This course is ideal for those who are interested in exploring medical studies, preparing for higher-level health sciences, or gaining a broad understanding of the healthcare domain.",arts,general course medical field introduce student fundamental concept human health   basic biology   essential medical science   design easy beginner friendly   course help learner understand human body work   common medical term   basic anatomy   role healthcare society    simple explanation clear example   student develop foundational awareness medical principle scientific thinking   course ideal interested explore medical study   prepare high level health science   gain broad understanding healthcare domain
Medical,"Fatima Jinnah Medical University, Lahore",easy,7,"The General course provides a broad introduction to essential concepts within the arts, offering students a flexible and easy starting point for exploring creative disciplines. Designed for beginners, the course focuses on developing foundational understanding, creative thinking, and basic analytical skills.

Students learn through simple, engaging topics that cover multiple areas of the arts, helping them discover their interests while strengthening overall cultural and artistic awareness. With a balanced workload and accessible content, this course is ideal for those seeking a smooth entry into the field without prior experience.",arts,general course provide broad introduction essential concept art   offer student flexible easy starting point explore creative discipline   design beginner   course focus develop foundational understanding   creative thinking   basic analytical skill    student learn simple   engage topic cover multiple area art   help discover interest strengthen overall cultural artistic awareness   balanced workload accessible content   course ideal seek smooth entry field prior experience
 Agriculture & Veterinary ,Muhammad Nawaz Shareef University of Agriculture,easy,7,"The Agriculture & Veterinary course provides a beginner-friendly introduction to plant science, animal care, and the basic principles of modern agriculture. Students learn how crops are grown, how soil quality affects production, and how animals are managed and cared for in agricultural environments.

The course also covers essential topics like sustainable farming, animal health, nutrition, and the role of agriculture in the global food system. Designed with simple explanations and practical examples, it helps students build a strong foundation in both plant and animal sciences, preparing them for further studies in the agricultural or veterinary fields.",botany or medical,agriculture    veterinary course provide beginner friendly introduction plant science   animal care   basic principle modern agriculture   student learn crop grow   soil quality affect production   animal manage care agricultural environment    course cover essential topic like sustainable farming   animal health   nutrition   role agriculture global food system   design simple explanation practical example   help student build strong foundation plant animal science   prepare study agricultural veterinary field
Arts & Design,National College of Arts,easy,7,"The General course provides a broad introduction to essential concepts within the arts, offering students a flexible and easy starting point for exploring creative disciplines. Designed for beginners, the course focuses on developing foundational understanding, creative thinking, and basic analytical skills.

Students learn through simple, engaging topics that cover multiple areas of the arts, helping them discover their interests while strengthening overall cultural and artistic awareness. With a balanced workload and accessible content, this course is ideal for those seeking a smooth entry into the field without prior experience.",arts,general course provide broad introduction essential concept art   offer student flexible easy starting point explore creative discipline   design beginner   course focus develop foundational understanding   creative thinking   basic analytical skill    student learn simple   engage topic cover multiple area art   help discover interest strengthen overall cultural artistic awareness   balanced workload accessible content   course ideal seek smooth entry field prior experience
"The General course in the Medical field introduces students to the fundamental concepts of human health, basic biology, and essential medical sciences. Designed to be easy and beginner-friendly, the course helps learners understand how the human body works, common medical terms, basic anatomy, and the role of healthcare in society.

Through simple explanations and clear examples, students develop a foundational awareness of medical principles and scientific thinking. This course is ideal for those who are interested in exploring medical studies, preparing for higher-level health sciences, or gaining a broad understanding of the healthcare domain.",National University of Medical Sciences (NUMS),easy,7,"The General course provides a broad introduction to essential concepts within the arts, offering students a flexible and easy starting point for exploring creative disciplines. Designed for beginners, the course focuses on developing foundational understanding, creative thinking, and basic analytical skills.

Students learn through simple, engaging topics that cover multiple areas of the arts, helping them discover their interests while strengthening overall cultural and artistic awareness. With a balanced workload and accessible content, this course is ideal for those seeking a smooth entry into the field without prior experience.",arts,general course provide broad introduction essential concept art   offer student flexible easy starting point explore creative discipline   design beginner   course focus develop foundational understanding   creative thinking   basic analytical skill    student learn simple   engage topic cover multiple area art   help discover interest strengthen overall cultural artistic awareness   balanced workload accessible content   course ideal seek smooth entry field prior experience
medical,"The General course in the Medical field introduces students to the fundamental concepts of human health, basic biology, and essential medical sciences. Designed to be easy and beginner-friendly, the course helps learners understand how the human body works, common medical terms, basic anatomy, and the role of healthcare in society.

Through simple explanations and clear examples, students develop a foundational awareness of medical principles and scientific thinking. This course is ideal for those who are interested in exploring medical studies, preparing for higher-level health sciences, or gaining a broad understanding of the healthcare domain.",easy,7,"The General course provides a broad introduction to essential concepts within the arts, offering students a flexible and easy starting point for exploring creative disciplines. Designed for beginners, the course focuses on developing foundational understanding, creative thinking, and basic analytical skills.

Students learn through simple, engaging topics that cover multiple areas of the arts, helping them discover their interests while strengthening overall cultural and artistic awareness. With a balanced workload and accessible content, this course is ideal for those seeking a smooth entry into the field without prior experience.",Medical,general course provide broad introduction essential concept art   offer student flexible easy starting point explore creative discipline   design beginner   course focus develop foundational understanding   creative thinking   basic analytical skill    student learn simple   engage topic cover multiple area art   help discover interest strengthen overall cultural artistic awareness   balanced workload accessible content   course ideal seek smooth entry field prior experience
Agriculture & Veterinary,"The University of Agriculture, Swat",easy,7,"The Agriculture & Veterinary course provides a beginner-friendly introduction to plant science, animal care, and the basic principles of modern agriculture. Students learn how crops are grown, how soil quality affects production, and how animals are managed and cared for in agricultural environments.

The course also covers essential topics like sustainable farming, animal health, nutrition, and the role of agriculture in the global food system. Designed with simple explanations and practical examples, it helps students build a strong foundation in both plant and animal sciences, preparing them for further studies in the agricultural or veterinary fields.",botany or medical,agriculture    veterinary course provide beginner friendly introduction plant science   animal care   basic principle modern agriculture   student learn crop grow   soil quality affect production   animal manage care agricultural environment    course cover essential topic like sustainable farming   animal health   nutrition   role agriculture global food system   design simple explanation practical example   help student build strong foundation plant animal science   prepare study agricultural veterinary field
Arts & Design ,University of Art and Culture,easy,7,"The General course provides a broad introduction to essential concepts within the arts, offering students a flexible and easy starting point for exploring creative disciplines. Designed for beginners, the course focuses on developing foundational understanding, creative thinking, and basic analytical skills.

Students learn through simple, engaging topics that cover multiple areas of the arts, helping them discover their interests while strengthening overall cultural and artistic awareness. With a balanced workload and accessible content, this course is ideal for those seeking a smooth entry into the field without prior experience.",arts,general course provide broad introduction essential concept art   offer student flexible easy starting point explore creative discipline   design beginner   course focus develop foundational understanding   creative thinking   basic analytical skill    student learn simple   engage topic cover multiple area art   help discover interest strengthen overall cultural artistic awareness   balanced workload accessible content   course ideal seek smooth entry field prior experience
